{
  "thr_action_by_scenario": {
    "S0": 0.5826666666666667,
    "S1": 0.3946666666666666,
    "S2": 0.5356666666666666,
    "S3": 0.473,
    "S4": 0.4573333333333333,
    "S5": 0.37899999999999995,
    "S6": 0.44166666666666665
  },
  "thr_commit_gate_by_scenario": {
    "S0": 0.5826666666666667,
    "S1": 0.3946666666666666,
    "S2": 0.9273333333333333,
    "S3": 0.473,
    "S4": 0.4573333333333333,
    "S5": 0.37899999999999995,
    "S6": 0.9586666666666667
  },
  "thr_gate_cap_S2S6": 0.95,
  "commit_thr_on": 0.95,
  "commit_thr_off": 0.75,
  "commit_dwell_windows": 2,
  "commit_cooldown_windows": 0
}