{
  "fold_id": 1,
  "export_mode": "balanced",
  "causal_live": false,
  "qc_policy": "core_ok",
  "fixed_window_len": 500,
  "min_coverage_present_only": 0.4,
  "min_modalities_ok": 1,
  "window_types_export": [
    "sliding_action_safe",
    "sliding_rest_safe",
    "onset_anchor"
  ],
  "include_onset_anchor": true,
  "commit_meta_exported": true,
  "cache_layout": {
    "hashed_dir": "/home/tsultan1/IROS/Data/_dataset_icml_v1/preproc_v4_2",
    "use_hashed_first": true,
    "sidecar_fallback": true,
    "suffix_candidates": [
      ".preproc.v4_3.npz",
      ".preproc.v4.3.npz",
      ".preproc.v4_2.npz",
      ".preproc.v4.2.npz",
      ".preproc.v4_1.npz",
      ".preproc.v4.1.npz",
      ".preproc.v4.npz",
      ".preproc.v3.npz",
      ".preproc.v2.npz",
      ".preproc.npz"
    ],
    "preferred_suffix": ".preproc.v4_2.npz"
  },
  "include": {
    "EEG": true,
    "EMG": true,
    "ET": true
  },
  "schema_channels": {
    "EEG": [
      "EEG_Ch1",
      "EEG_Ch2",
      "EEG_Ch3",
      "EEG_Ch4",
      "EEG_Ch5",
      "EEG_Ch6",
      "EEG_Ch7",
      "EEG_Ch8"
    ],
    "EMG": [
      "EMG_Ch1",
      "EMG_Ch2",
      "EMG_Ch3",
      "EMG_Ch4"
    ],
    "ET": [
      "ET_GazeLeftx",
      "ET_GazeLefty",
      "ET_GazeRightx",
      "ET_GazeRighty",
      "ET_PupilLeft",
      "ET_PupilRight",
      "ET_GyroX",
      "ET_GyroY",
      "ET_GyroZ",
      "ET_AccX",
      "ET_AccY",
      "ET_AccZ",
      "ET_HeadRotationPitch",
      "ET_HeadRotationRoll",
      "ET_HeadRotationYaw"
    ]
  },
  "stats": {
    "EEG": {
      "mean": [
        0.04794662445783615,
        0.04635369032621384,
        0.04767077416181564,
        0.04592658951878548,
        0.047979291528463364,
        0.04679051786661148,
        0.04446195065975189,
        0.04696503281593323
      ],
      "std": [
        6.050519943237305,
        9.138158798217773,
        6.869363307952881,
        8.24143123626709,
        5.276496410369873,
        4.749072074890137,
        8.536453247070312,
        8.229582786560059
      ],
      "cnt": [
        18885152.0,
        18885152.0,
        18885152.0,
        18885152.0,
        18885152.0,
        18885152.0,
        18885152.0,
        18885152.0
      ],
      "num_channels": 8
    },
    "EMG_env": {
      "mean": [
        501.2877197265625,
        204.11630249023438,
        162.29537963867188,
        112.79100036621094
      ],
      "std": [
        940.6474609375,
        394.6327209472656,
        228.4231719970703,
        267.8016662597656
      ],
      "cnt": [
        18879536.0,
        18879536.0,
        18879536.0,
        18879536.0
      ],
      "num_channels": 4
    },
    "ET": {
      "mean": [
        0.5119067430496216,
        0.47557303309440613,
        0.5119067430496216,
        0.47557303309440613,
        4.4857282638549805,
        4.355331897735596,
        0.24722416698932648,
        -0.5541731715202332,
        0.8018959760665894,
        -0.1886877715587616,
        -1.5464855432510376,
        9.338272094726562,
        78.43888092041016,
        7.8585100173950195,
        -31.917484283447266
      ],
      "std": [
        0.10378789901733398,
        0.12155599147081375,
        0.10378789901733398,
        0.12155599147081375,
        0.7579005360603333,
        0.8017533421516418,
        8.082818031311035,
        7.367030620574951,
        16.22943115234375,
        0.8945826888084412,
        1.5253595113754272,
        1.7041873931884766,
        16.142393112182617,
        5.1187286376953125,
        66.3736572265625
      ],
      "cnt": [
        8570123.0,
        8570123.0,
        8570123.0,
        8570123.0,
        8570123.0,
        8570123.0,
        8570123.0,
        8570123.0,
        8570123.0,
        8570123.0,
        8570123.0,
        8570123.0,
        8570123.0,
        8570123.0,
        8570123.0
      ],
      "num_channels": 15
    }
  }
}